{"cameraMode":{"drawMode":0,"name":"Shaded","section":"Shading Mode"},"sceneLighting":true,"audioPlay":false,"sceneViewState":{"showFog":true,"showMaterialUpdate":false,"showSkybox":true,"showFlares":true,"showImageEffects":true,"showParticleSystems":true},"in2DMode":false,"pivot":{"x":0.17122673988342286,"y":1.200376272201538,"z":-1.1543567180633546},"rotation":{"x":-0.09437470883131027,"y":0.8825190663337708,"z":-0.20088164508342744,"w":-0.4146096110343933},"size":2.701659917831421,"orthographic":false}